timestamp, process name, event
1622152775.7394588, controller, START
1622152776.0988088, ferret, START
1622152776.4621077, memchached, 4
1622152776.4843478, canneal, START
1622152783.0343692, canneal, PAUSE
1622152783.0884597, ferret, PAUSE
1622152783.4587994, canneal, UNPAUSE
1622152783.7603045, freqmine, START
1622152784.4905846, dedup, START
1622152790.600239, dedup, PAUSE
1622152790.6592867, canneal, PAUSE
1622152790.696469, freqmine, PAUSE
1622152790.975127, canneal, UNPAUSE
1622152791.2671447, freqmine, UNPAUSE
1622152795.701361, canneal, PAUSE
1622152795.739328, freqmine, PAUSE
1622152796.0555093, canneal, UNPAUSE
1622152796.3461046, freqmine, UNPAUSE
1622152796.8948634, canneal, PAUSE
1622152796.96317, freqmine, PAUSE
1622152797.3020024, canneal, UNPAUSE
1622152797.596151, freqmine, UNPAUSE
1622152798.1412413, canneal, PAUSE
1622152798.1931405, freqmine, PAUSE
1622152798.5003057, canneal, UNPAUSE
1622152798.7869785, freqmine, UNPAUSE
1622152807.0831747, canneal, PAUSE
1622152807.1592002, freqmine, PAUSE
1622152807.4927716, canneal, UNPAUSE
1622152808.4852548, freqmine, UNPAUSE
1622152811.9267228, canneal, PAUSE
1622152813.0272357, freqmine, PAUSE
1622152814.3301349, canneal, UNPAUSE
1622152815.0298626, freqmine, UNPAUSE
1622152822.5626094, dedup, UNPAUSE
1622152822.871724, dedup, PAUSE
1622152823.5615218, canneal, PAUSE
1622152823.6271923, freqmine, PAUSE
1622152824.224714, canneal, UNPAUSE
1622152824.5127487, dedup, UNPAUSE
1622152824.810005, dedup, PAUSE
1622152824.8757124, canneal, PAUSE
1622152825.1555297, canneal, UNPAUSE
1622152825.4429343, dedup, UNPAUSE
1622152825.7495198, dedup, PAUSE
1622152825.7902296, canneal, PAUSE
1622152826.0852292, canneal, UNPAUSE
1622152826.377297, dedup, UNPAUSE
1622152826.703619, dedup, PAUSE
1622152826.7711935, canneal, PAUSE
1622152827.0657501, canneal, UNPAUSE
1622152827.3628085, dedup, UNPAUSE
1622152827.6700528, dedup, PAUSE
1622152827.7165234, canneal, PAUSE
1622152828.0146906, canneal, UNPAUSE
1622152828.3274453, dedup, UNPAUSE
1622152828.6505904, dedup, PAUSE
1622152828.7496178, canneal, PAUSE
1622152829.0462282, canneal, UNPAUSE
1622152829.349565, dedup, UNPAUSE
1622152829.6710281, dedup, PAUSE
1622152829.7110343, canneal, PAUSE
1622152830.0051453, canneal, UNPAUSE
1622152830.313423, dedup, UNPAUSE
1622152830.6178317, dedup, PAUSE
1622152830.663817, canneal, PAUSE
1622152830.9581695, canneal, UNPAUSE
1622152831.24768, freqmine, UNPAUSE
1622152831.5664318, canneal, PAUSE
1622152831.683156, freqmine, PAUSE
1622152831.9632165, canneal, UNPAUSE
1622152832.2458532, freqmine, UNPAUSE
1622152832.5530949, canneal, PAUSE
1622152832.6124523, freqmine, PAUSE
1622152832.902974, canneal, UNPAUSE
1622152833.1871636, freqmine, UNPAUSE
1622152833.7310703, canneal, PAUSE
1622152833.78535, freqmine, PAUSE
1622152834.0672069, canneal, UNPAUSE
1622152834.3559206, freqmine, UNPAUSE
1622152834.9309027, canneal, PAUSE
1622152834.9862633, freqmine, PAUSE
1622152835.2868907, canneal, UNPAUSE
1622152835.57371, freqmine, UNPAUSE
1622152835.9025846, canneal, PAUSE
1622152835.9506161, freqmine, PAUSE
1622152836.2355485, canneal, UNPAUSE
1622152836.538808, freqmine, UNPAUSE
1622152837.1011574, canneal, PAUSE
1622152837.1402354, freqmine, PAUSE
1622152837.4280589, canneal, UNPAUSE
1622152837.7110167, freqmine, UNPAUSE
1622152838.0119047, canneal, PAUSE
1622152838.0616217, freqmine, PAUSE
1622152838.3503692, canneal, UNPAUSE
1622152838.6434083, freqmine, UNPAUSE
1622152838.9432724, canneal, PAUSE
1622152838.9846578, freqmine, PAUSE
1622152839.2699387, canneal, UNPAUSE
1622152839.555609, freqmine, UNPAUSE
1622152839.8698304, canneal, PAUSE
1622152839.917227, freqmine, PAUSE
1622152840.2215831, canneal, UNPAUSE
1622152840.51323, freqmine, UNPAUSE
1622152840.8161874, canneal, PAUSE
1622152840.872567, freqmine, PAUSE
1622152841.1529174, canneal, UNPAUSE
1622152841.4514744, freqmine, UNPAUSE
1622152842.0307426, canneal, PAUSE
1622152842.0941558, freqmine, PAUSE
1622152842.375719, canneal, UNPAUSE
1622152842.657306, freqmine, UNPAUSE
1622152842.95921, canneal, PAUSE
1622152843.0001574, freqmine, PAUSE
1622152843.2869272, canneal, UNPAUSE
1622152843.569845, freqmine, UNPAUSE
1622152844.1312273, canneal, PAUSE
1622152844.167978, freqmine, PAUSE
1622152844.4746754, canneal, UNPAUSE
1622152844.7659166, freqmine, UNPAUSE
1622152845.0687985, canneal, PAUSE
1622152845.161552, freqmine, PAUSE
1622152845.4424634, canneal, UNPAUSE
1622152845.7304187, freqmine, UNPAUSE
1622152846.2893877, canneal, PAUSE
1622152846.3259616, freqmine, PAUSE
1622152846.6190686, canneal, UNPAUSE
1622152846.909467, freqmine, UNPAUSE
1622152855.4802692, dedup, UNPAUSE
1622152862.8870182, dedup, PAUSE
1622152862.9336898, canneal, PAUSE
1622152862.9842706, freqmine, PAUSE
1622152863.3156154, canneal, UNPAUSE
1622152863.623095, freqmine, UNPAUSE
1622152863.9231899, canneal, PAUSE
1622152863.9657822, freqmine, PAUSE
1622152864.3092778, canneal, UNPAUSE
1622152864.6004045, freqmine, UNPAUSE
1622152864.902352, canneal, PAUSE
1622152864.9447033, freqmine, PAUSE
1622152865.2922359, canneal, UNPAUSE
1622152865.585828, freqmine, UNPAUSE
1622152866.150391, canneal, PAUSE
1622152866.192187, freqmine, PAUSE
1622152866.495862, canneal, UNPAUSE
1622152866.789662, dedup, UNPAUSE
1622152867.0946555, dedup, PAUSE
1622152867.1489325, canneal, PAUSE
1622152867.437906, canneal, UNPAUSE
1622152867.7319133, freqmine, UNPAUSE
1622152868.055827, canneal, PAUSE
1622152868.103136, freqmine, PAUSE
1622152868.4311414, canneal, UNPAUSE
1622152868.724555, freqmine, UNPAUSE
1622152869.0268414, canneal, PAUSE
1622152869.112004, freqmine, PAUSE
1622152869.4687223, canneal, UNPAUSE
1622152869.766394, dedup, UNPAUSE
1622152870.0701141, dedup, PAUSE
1622152870.134759, canneal, PAUSE
1622152870.4185867, canneal, UNPAUSE
1622152870.7153194, freqmine, UNPAUSE
1622152871.0182667, canneal, PAUSE
1622152871.0782678, freqmine, PAUSE
1622152871.3812227, canneal, UNPAUSE
1622152871.6832402, freqmine, UNPAUSE
1622152871.9892983, canneal, PAUSE
1622152872.0446413, freqmine, PAUSE
1622152872.410833, canneal, UNPAUSE
1622152872.694808, freqmine, UNPAUSE
1622152872.9989774, canneal, PAUSE
1622152873.0780602, freqmine, PAUSE
1622152873.3588197, canneal, UNPAUSE
1622152873.654373, dedup, UNPAUSE
1622152873.964124, dedup, PAUSE
1622152874.011943, canneal, PAUSE
1622152874.2915208, canneal, UNPAUSE
1622152874.580398, dedup, UNPAUSE
1622152874.8797228, dedup, PAUSE
1622152875.0325048, canneal, PAUSE
1622152875.3191628, canneal, UNPAUSE
1622152875.6133206, dedup, UNPAUSE
1622152875.9141395, dedup, PAUSE
1622152875.9527164, canneal, PAUSE
1622152876.2394037, canneal, UNPAUSE
1622152876.5337396, dedup, UNPAUSE
1622152876.8385642, dedup, PAUSE
1622152876.8949127, canneal, PAUSE
1622152877.1792254, canneal, UNPAUSE
1622152877.4703193, dedup, UNPAUSE
1622152877.7636967, dedup, PAUSE
1622152877.8777287, canneal, PAUSE
1622152878.1877012, canneal, UNPAUSE
1622152878.483218, dedup, UNPAUSE
1622152885.5072663, splash2x-fft, START
1622152887.198799, freqmine, UNPAUSE
1622152888.5295203, freqmine, PAUSE
1622152888.5848546, dedup, PAUSE
1622152888.6194935, splash2x-fft, PAUSE
1622152888.6478314, canneal, PAUSE
1622152888.927335, canneal, UNPAUSE
1622152889.228877, freqmine, UNPAUSE
1622152910.997215, canneal, PAUSE
1622152911.0321743, freqmine, PAUSE
1622152911.3246565, canneal, UNPAUSE
1622152911.6144028, freqmine, UNPAUSE
1622152911.9131682, canneal, PAUSE
1622152911.952994, freqmine, PAUSE
1622152912.229817, ferret, UNPAUSE
1622152927.2974212, ferret, PAUSE
1622152927.6258757, canneal, UNPAUSE
1622152930.7427824, dedup, UNPAUSE
1622152931.0387435, dedup, PAUSE
1622152931.1010573, canneal, PAUSE
1622152931.4111638, canneal, UNPAUSE
1622152935.0280135, dedup, UNPAUSE
1622152943.3882298, dedup, PAUSE
1622152943.4523554, canneal, PAUSE
1622152943.7318473, canneal, UNPAUSE
1622152951.4388335, dedup, UNPAUSE
1622152954.332756, dedup, PAUSE
1622152954.3706026, canneal, PAUSE
1622152954.654199, canneal, UNPAUSE
1622152954.9511871, dedup, UNPAUSE
1622152955.7775757, dedup, PAUSE
1622152955.9007006, canneal, PAUSE
1622152956.206753, canneal, UNPAUSE
1622152956.5132227, dedup, UNPAUSE
1622152958.9334993, splash2x-fft, UNPAUSE
1622152967.1290636, dedup, PAUSE
1622152967.1736856, splash2x-fft, PAUSE
1622152967.2149704, canneal, PAUSE
1622152967.515681, canneal, UNPAUSE
1622152967.8121517, dedup, UNPAUSE
1622152975.1040869, splash2x-fft, UNPAUSE
1622152983.0454035, dedup, PAUSE
1622152983.1000113, splash2x-fft, PAUSE
1622152983.1612055, canneal, PAUSE
1622152983.4492326, canneal, UNPAUSE
1622152990.909321, dedup, UNPAUSE
1622153015.3205113, splash2x-fft, UNPAUSE
1622153020.3625293, dedup, PAUSE
1622153020.3952098, splash2x-fft, PAUSE
1622153020.4348412, canneal, PAUSE
1622153020.7168484, ferret, UNPAUSE
1622153027.135239, dedup, UNPAUSE
1622153029.8227453, dedup, FINISH
1622153030.6038222, splash2x-fft, UNPAUSE
1622153038.912772, splash2x-fft, PAUSE
1622153038.9804265, ferret, PAUSE
1622153039.2971408, canneal, UNPAUSE
1622153057.759617, splash2x-fft, UNPAUSE
1622153058.356431, splash2x-fft, PAUSE
1622153058.4197805, canneal, PAUSE
1622153058.7098005, canneal, UNPAUSE
1622153062.3413281, splash2x-fft, UNPAUSE
1622153072.2709963, splash2x-fft, PAUSE
1622153072.3066602, canneal, PAUSE
1622153072.6198864, canneal, UNPAUSE
1622153072.908534, splash2x-fft, UNPAUSE
1622153075.2954335, splash2x-fft, PAUSE
1622153075.366713, canneal, PAUSE
1622153075.6626806, canneal, UNPAUSE
1622153077.4862506, splash2x-fft, UNPAUSE
1622153078.3222823, splash2x-fft, PAUSE
1622153078.3925776, canneal, PAUSE
1622153078.6834435, canneal, UNPAUSE
1622153078.9799564, splash2x-fft, UNPAUSE
1622153108.0658727, freqmine, UNPAUSE
1622153108.6355026, splash2x-fft, PAUSE
1622153108.6700125, canneal, PAUSE
1622153108.7029994, freqmine, PAUSE
1622153109.0059807, ferret, UNPAUSE
1622153183.520001, splash2x-fft, UNPAUSE
1622153190.8034499, splash2x-fft, PAUSE
1622153190.8581383, ferret, PAUSE
1622153191.1591327, canneal, UNPAUSE
1622153199.1250846, splash2x-fft, UNPAUSE
1622153206.9360003, freqmine, UNPAUSE
1622153214.8823416, splash2x-fft, PAUSE
1622153214.9456913, canneal, PAUSE
1622153215.006734, freqmine, PAUSE
1622153215.2931054, splash2x-fft, UNPAUSE
1622153215.585518, canneal, UNPAUSE
1622153215.888676, splash2x-fft, PAUSE
1622153215.9259522, canneal, PAUSE
1622153216.2259896, canneal, UNPAUSE
1622153223.1720572, splash2x-fft, UNPAUSE
1622153239.0037704, freqmine, UNPAUSE
1622153247.0185905, splash2x-fft, PAUSE
1622153247.0897405, canneal, PAUSE
1622153247.1344562, freqmine, PAUSE
1622153247.41484, canneal, UNPAUSE
1622153247.714284, splash2x-fft, UNPAUSE
1622153255.0137725, splash2x-fft, PAUSE
1622153255.0991137, canneal, PAUSE
1622153255.380205, canneal, UNPAUSE
1622153262.8356807, splash2x-fft, UNPAUSE
1622153263.1332552, freqmine, UNPAUSE
1622153270.8150063, splash2x-fft, PAUSE
1622153270.8524477, canneal, PAUSE
1622153270.9125893, freqmine, PAUSE
1622153271.2233744, canneal, UNPAUSE
1622153271.5194297, splash2x-fft, UNPAUSE
1622153297.444451, splash2x-fft, PAUSE
1622153297.5060515, canneal, PAUSE
1622153297.8117554, canneal, UNPAUSE
1622153298.3738294, splash2x-fft, UNPAUSE
1622153299.206035, splash2x-fft, PAUSE
1622153299.253319, canneal, PAUSE
1622153299.5692148, canneal, UNPAUSE
1622153300.8878725, splash2x-fft, UNPAUSE
1622153303.0062208, freqmine, UNPAUSE
1622153310.9762242, splash2x-fft, PAUSE
1622153311.0277586, canneal, PAUSE
1622153311.0956967, freqmine, PAUSE
1622153311.3938794, canneal, UNPAUSE
1622153319.369442, splash2x-fft, UNPAUSE
1622153319.6959136, splash2x-fft, PAUSE
1622153319.747687, canneal, PAUSE
1622153320.037454, canneal, UNPAUSE
1622153326.9752793, freqmine, UNPAUSE
1622153351.0562246, canneal, PAUSE
1622153351.1471403, freqmine, PAUSE
1622153351.4347272, canneal, UNPAUSE
1622153351.7283142, freqmine, UNPAUSE
1622153352.038155, canneal, PAUSE
1622153352.090264, freqmine, PAUSE
1622153352.3805516, canneal, UNPAUSE
1622153352.6755214, freqmine, UNPAUSE
1622153353.2459118, canneal, PAUSE
1622153353.3089843, freqmine, PAUSE
1622153353.6462746, canneal, UNPAUSE
1622153353.9389267, freqmine, UNPAUSE
1622153354.7714942, canneal, PAUSE
1622153354.8533204, freqmine, PAUSE
1622153355.134274, canneal, UNPAUSE
1622153355.420342, freqmine, UNPAUSE
1622153355.7185252, canneal, PAUSE
1622153355.7681313, freqmine, PAUSE
1622153356.0718436, canneal, UNPAUSE
1622153356.3564844, freqmine, UNPAUSE
1622153356.90713, canneal, PAUSE
1622153356.9562917, freqmine, PAUSE
1622153357.2529013, canneal, UNPAUSE
1622153357.548698, freqmine, UNPAUSE
1622153358.1286983, canneal, PAUSE
1622153358.1764297, freqmine, PAUSE
1622153358.4630432, canneal, UNPAUSE
1622153358.7489803, freqmine, UNPAUSE
1622153360.5924778, canneal, PAUSE
1622153360.6515608, freqmine, PAUSE
1622153360.9342318, canneal, UNPAUSE
1622153361.2178006, freqmine, UNPAUSE
1622153362.0310798, canneal, PAUSE
1622153362.138787, freqmine, PAUSE
1622153362.4217997, canneal, UNPAUSE
1622153362.7186677, freqmine, UNPAUSE
1622153366.1204803, canneal, PAUSE
1622153366.168962, freqmine, PAUSE
1622153366.4697058, canneal, UNPAUSE
1622153366.763825, freqmine, UNPAUSE
1622153367.083061, splash2x-fft, UNPAUSE
1622153367.2246065, canneal, FINISH
1622153391.4342167, blackscholes, START
1622153397.7868898, splash2x-fft, PAUSE
1622153401.1968546, freqmine, PAUSE
1622153401.2482874, blackscholes, PAUSE
1622153401.7876544, freqmine, UNPAUSE
1622153410.3020346, splash2x-fft, UNPAUSE
1622153415.2464192, splash2x-fft, PAUSE
1622153415.3163762, freqmine, PAUSE
1622153415.6156065, freqmine, UNPAUSE
1622153423.0672362, splash2x-fft, UNPAUSE
1622153438.38753, splash2x-fft, PAUSE
1622153438.4532125, freqmine, PAUSE
1622153438.7564702, freqmine, UNPAUSE
1622153446.9793782, splash2x-fft, UNPAUSE
1622153463.1306176, splash2x-fft, PAUSE
1622153463.1991801, freqmine, PAUSE
1622153463.4940476, freqmine, UNPAUSE
1622153470.9352252, splash2x-fft, UNPAUSE
1622153479.294344, splash2x-fft, PAUSE
1622153480.35434, freqmine, PAUSE
1622153480.9007056, freqmine, UNPAUSE
1622153487.0895846, splash2x-fft, UNPAUSE
1622153487.4079, splash2x-fft, FINISH
1622153487.7090223, blackscholes, UNPAUSE
1622153495.0043092, freqmine, PAUSE
1622153495.0890553, blackscholes, PAUSE
1622153495.3759606, freqmine, UNPAUSE
1622153535.1213126, blackscholes, UNPAUSE
1622153535.423338, freqmine, PAUSE
1622153535.4583795, blackscholes, PAUSE
1622153535.74187, freqmine, UNPAUSE
1622153536.0339115, blackscholes, UNPAUSE
1622153536.6125457, freqmine, PAUSE
1622153536.6566236, blackscholes, PAUSE
1622153536.9348063, freqmine, UNPAUSE
1622153537.2301729, blackscholes, UNPAUSE
1622153537.5268977, freqmine, PAUSE
1622153537.5631204, blackscholes, PAUSE
1622153537.844133, freqmine, UNPAUSE
1622153538.136315, blackscholes, UNPAUSE
1622153538.443997, freqmine, PAUSE
1622153538.4820232, blackscholes, PAUSE
1622153538.762498, freqmine, UNPAUSE
1622153539.0620716, blackscholes, UNPAUSE
1622153539.3767316, freqmine, PAUSE
1622153539.419637, blackscholes, PAUSE
1622153539.7014298, freqmine, UNPAUSE
1622153539.9972346, blackscholes, UNPAUSE
1622153540.335499, freqmine, PAUSE
1622153540.3859103, blackscholes, PAUSE
1622153540.6667, freqmine, UNPAUSE
1622153540.9671211, blackscholes, UNPAUSE
1622153541.5496583, freqmine, PAUSE
1622153541.592442, blackscholes, PAUSE
1622153541.8735502, freqmine, UNPAUSE
1622153542.182148, blackscholes, UNPAUSE
1622153542.5151792, freqmine, PAUSE
1622153542.590178, blackscholes, PAUSE
1622153542.8684576, freqmine, UNPAUSE
1622153543.1705263, blackscholes, UNPAUSE
1622153552.2539482, freqmine, PAUSE
1622153552.2955775, blackscholes, PAUSE
1622153552.5747635, ferret, UNPAUSE
1622153591.922191, freqmine, UNPAUSE
1622153598.9534369, freqmine, PAUSE
1622153598.9932203, ferret, PAUSE
1622153599.2911465, freqmine, UNPAUSE
1622153599.5992918, blackscholes, UNPAUSE
1622153599.8990655, freqmine, PAUSE
1622153599.9356117, blackscholes, PAUSE
1622153600.2146115, freqmine, UNPAUSE
1622153600.502135, blackscholes, UNPAUSE
1622153600.8106842, freqmine, PAUSE
1622153600.8514657, blackscholes, PAUSE
1622153601.1271093, freqmine, UNPAUSE
1622153601.4224253, blackscholes, UNPAUSE
1622153601.7355263, freqmine, PAUSE
1622153601.7794926, blackscholes, PAUSE
1622153602.0566082, freqmine, UNPAUSE
1622153602.3579745, blackscholes, UNPAUSE
1622153602.9354296, freqmine, PAUSE
1622153602.9675674, blackscholes, PAUSE
1622153603.2513564, ferret, UNPAUSE
1622153615.8007054, freqmine, UNPAUSE
1622153623.082407, freqmine, PAUSE
1622153623.1284895, ferret, PAUSE
1622153623.4152234, freqmine, UNPAUSE
1622153623.7063086, blackscholes, UNPAUSE
1622153624.561929, freqmine, PAUSE
1622153624.614968, blackscholes, PAUSE
1622153624.8960168, freqmine, UNPAUSE
1622153626.2152784, blackscholes, UNPAUSE
1622153626.526287, freqmine, PAUSE
1622153626.6757572, blackscholes, PAUSE
1622153626.9810212, freqmine, UNPAUSE
1622153629.833411, blackscholes, UNPAUSE
1622153630.1503804, freqmine, PAUSE
1622153630.197037, blackscholes, PAUSE
1622153630.4835553, freqmine, UNPAUSE
1622153630.778807, blackscholes, UNPAUSE
1622153631.5950098, freqmine, PAUSE
1622153631.637461, blackscholes, PAUSE
1622153631.916769, freqmine, UNPAUSE
1622153632.211015, blackscholes, UNPAUSE
1622153633.0284507, freqmine, PAUSE
1622153633.0654874, blackscholes, PAUSE
1622153633.3439314, ferret, UNPAUSE
1622153647.4168823, ferret, PAUSE
1622153647.7950428, freqmine, UNPAUSE
1622153654.9892774, blackscholes, UNPAUSE
1622153663.0559056, freqmine, PAUSE
1622153663.103867, blackscholes, PAUSE
1622153663.3946338, freqmine, UNPAUSE
1622153663.6866102, blackscholes, UNPAUSE
1622153664.2621691, freqmine, PAUSE
1622153664.302789, blackscholes, PAUSE
1622153664.5826957, freqmine, UNPAUSE
1622153664.871544, blackscholes, UNPAUSE
1622153665.1746788, freqmine, PAUSE
1622153665.2066329, blackscholes, PAUSE
1622153665.4855745, ferret, UNPAUSE
1622153710.9367907, ferret, PAUSE
1622153711.2446754, freqmine, UNPAUSE
1622153718.9605076, blackscholes, UNPAUSE
1622153727.018782, freqmine, PAUSE
1622153727.0608644, blackscholes, PAUSE
1622153727.3952525, freqmine, UNPAUSE
1622153727.6940608, blackscholes, UNPAUSE
1622153728.0046291, freqmine, PAUSE
1622153728.1629272, blackscholes, PAUSE
1622153728.4629447, freqmine, UNPAUSE
1622153728.7634087, blackscholes, UNPAUSE
1622153729.3176754, freqmine, PAUSE
1622153729.366435, blackscholes, PAUSE
1622153729.6541688, freqmine, UNPAUSE
1622153729.9550636, blackscholes, UNPAUSE
1622153730.2621603, freqmine, PAUSE
1622153730.3267462, blackscholes, PAUSE
1622153730.6142726, freqmine, UNPAUSE
1622153730.9008336, blackscholes, UNPAUSE
1622153731.4545274, freqmine, PAUSE
1622153731.5234075, blackscholes, PAUSE
1622153731.8221695, freqmine, UNPAUSE
1622153732.1205394, blackscholes, UNPAUSE
1622153732.4188836, freqmine, PAUSE
1622153732.4551346, blackscholes, PAUSE
1622153732.7613795, freqmine, UNPAUSE
1622153733.055364, blackscholes, UNPAUSE
1622153733.3621697, freqmine, PAUSE
1622153733.4035053, blackscholes, PAUSE
1622153733.6981795, freqmine, UNPAUSE
1622153733.9926608, blackscholes, UNPAUSE
1622153734.3062477, freqmine, PAUSE
1622153734.3527095, blackscholes, PAUSE
1622153734.6375184, freqmine, UNPAUSE
1622153743.0965621, blackscholes, UNPAUSE
1622153743.3986087, freqmine, PAUSE
1622153743.4396403, blackscholes, PAUSE
1622153743.745705, freqmine, UNPAUSE
1622153744.0542815, blackscholes, UNPAUSE
1622153744.3665469, freqmine, PAUSE
1622153744.4204476, blackscholes, PAUSE
1622153744.708698, freqmine, UNPAUSE
1622153745.0332186, blackscholes, UNPAUSE
1622153745.3714714, freqmine, PAUSE
1622153745.46919, blackscholes, PAUSE
1622153745.7513363, freqmine, UNPAUSE
1622153746.0510342, blackscholes, UNPAUSE
1622153746.3718364, freqmine, PAUSE
1622153746.4354024, blackscholes, PAUSE
1622153746.722722, freqmine, UNPAUSE
1622153747.0177476, blackscholes, UNPAUSE
1622153747.3553405, freqmine, PAUSE
1622153747.4005673, blackscholes, PAUSE
1622153747.6883326, freqmine, UNPAUSE
1622153747.9878163, blackscholes, UNPAUSE
1622153748.3153212, freqmine, PAUSE
1622153748.3628316, blackscholes, PAUSE
1622153748.6622365, freqmine, UNPAUSE
1622153748.9580135, blackscholes, UNPAUSE
1622153749.2522466, freqmine, PAUSE
1622153749.308379, blackscholes, PAUSE
1622153749.5897527, freqmine, UNPAUSE
1622153749.8810964, blackscholes, UNPAUSE
1622153750.2115943, freqmine, PAUSE
1622153750.3187604, blackscholes, PAUSE
1622153750.6336498, freqmine, UNPAUSE
1622153750.9313655, blackscholes, UNPAUSE
1622153758.9872386, freqmine, PAUSE
1622153759.0377429, blackscholes, PAUSE
1622153759.3156316, freqmine, UNPAUSE
1622153759.6050594, blackscholes, UNPAUSE
1622153761.1990952, freqmine, PAUSE
1622153761.240431, blackscholes, PAUSE
1622153761.5324948, freqmine, UNPAUSE
1622153761.829037, blackscholes, UNPAUSE
1622153762.1201358, freqmine, PAUSE
1622153762.1713045, blackscholes, PAUSE
1622153762.45384, freqmine, UNPAUSE
1622153762.7443013, blackscholes, UNPAUSE
1622153763.057003, freqmine, PAUSE
1622153763.1178405, blackscholes, PAUSE
1622153763.4058287, freqmine, UNPAUSE
1622153763.6990454, blackscholes, UNPAUSE
1622153763.996022, freqmine, PAUSE
1622153764.055459, blackscholes, PAUSE
1622153764.3387372, freqmine, UNPAUSE
1622153764.6386456, blackscholes, UNPAUSE
1622153764.9340866, freqmine, PAUSE
1622153764.975095, blackscholes, PAUSE
1622153765.2663333, freqmine, UNPAUSE
1622153765.5601776, blackscholes, UNPAUSE
1622153765.8617165, freqmine, PAUSE
1622153765.9258983, blackscholes, PAUSE
1622153766.2153175, freqmine, UNPAUSE
1622153766.5219593, blackscholes, UNPAUSE
1622153766.8078256, freqmine, PAUSE
1622153766.848731, blackscholes, PAUSE
1622153767.129811, ferret, UNPAUSE
1622153775.5993562, ferret, PAUSE
1622153775.8903913, freqmine, UNPAUSE
1622153783.0806808, blackscholes, UNPAUSE
1622153783.6460109, freqmine, PAUSE
1622153783.6949286, blackscholes, PAUSE
1622153783.984209, freqmine, UNPAUSE
1622153784.2689705, blackscholes, UNPAUSE
1622153787.4327629, freqmine, PAUSE
1622153787.4738326, blackscholes, PAUSE
1622153787.7515855, ferret, UNPAUSE
1622153793.149945, freqmine, UNPAUSE
1622153798.8980908, freqmine, PAUSE
1622153798.956865, ferret, PAUSE
1622153799.247149, freqmine, UNPAUSE
1622153799.5904043, blackscholes, UNPAUSE
1622153799.910079, freqmine, PAUSE
1622153799.9585404, blackscholes, PAUSE
1622153800.251428, freqmine, UNPAUSE
1622153800.5558586, blackscholes, UNPAUSE
1622153800.861862, freqmine, PAUSE
1622153800.9084196, blackscholes, PAUSE
1622153801.1985223, freqmine, UNPAUSE
1622153801.4995975, blackscholes, UNPAUSE
1622153801.8014655, freqmine, PAUSE
1622153801.8674529, blackscholes, PAUSE
1622153802.1596124, freqmine, UNPAUSE
1622153802.446956, blackscholes, UNPAUSE
1622153802.7517962, freqmine, PAUSE
1622153802.851162, blackscholes, PAUSE
1622153803.148621, freqmine, UNPAUSE
1622153803.447261, blackscholes, UNPAUSE
1622153803.7388523, freqmine, PAUSE
1622153803.8572197, blackscholes, PAUSE
1622153804.1460779, freqmine, UNPAUSE
1622153804.445339, blackscholes, UNPAUSE
1622153804.7590556, freqmine, PAUSE
1622153804.8152542, blackscholes, PAUSE
1622153805.1036413, freqmine, UNPAUSE
1622153805.397648, blackscholes, UNPAUSE
1622153805.7074463, freqmine, PAUSE
1622153805.7620547, blackscholes, PAUSE
1622153806.051716, freqmine, UNPAUSE
1622153806.3600128, blackscholes, UNPAUSE
1622153806.6812017, freqmine, PAUSE
1622153806.7335293, blackscholes, PAUSE
1622153807.0180848, freqmine, UNPAUSE
1622153807.3141873, blackscholes, UNPAUSE
1622153809.9366446, freqmine, PAUSE
1622153809.9787388, blackscholes, PAUSE
1622153810.2650402, ferret, UNPAUSE
1622153863.334258, ferret, PAUSE
1622153863.6244009, freqmine, UNPAUSE
1622153870.8430622, blackscholes, UNPAUSE
1622153878.904223, freqmine, PAUSE
1622153878.9433923, blackscholes, PAUSE
1622153879.2390983, freqmine, UNPAUSE
1622153879.5429773, blackscholes, UNPAUSE
1622153879.843023, freqmine, PAUSE
1622153879.9076285, blackscholes, PAUSE
1622153880.25123, freqmine, UNPAUSE
1622153880.5478032, blackscholes, UNPAUSE
1622153881.1362674, freqmine, PAUSE
1622153881.20888, blackscholes, PAUSE
1622153881.5611975, freqmine, UNPAUSE
1622153881.8683963, blackscholes, UNPAUSE
1622153882.4283018, freqmine, PAUSE
1622153882.511498, blackscholes, PAUSE
1622153882.8027933, freqmine, UNPAUSE
1622153883.0837805, blackscholes, UNPAUSE
1622153883.5365117, freqmine, FINISH
1622153884.3789506, ferret, UNPAUSE
1622153884.707579, blackscholes, PAUSE
1622153884.7710688, ferret, PAUSE
1622153885.0696816, blackscholes, UNPAUSE
1622153885.3680034, ferret, UNPAUSE
1622153885.6632552, blackscholes, PAUSE
1622153885.7480934, ferret, PAUSE
1622153886.0537913, blackscholes, UNPAUSE
1622153886.360593, ferret, UNPAUSE
1622153886.6996803, blackscholes, PAUSE
1622153886.741952, ferret, PAUSE
1622153887.05301, blackscholes, UNPAUSE
1622153887.3585079, ferret, UNPAUSE
1622153887.670181, blackscholes, PAUSE
1622153887.7237911, ferret, PAUSE
1622153888.0556006, blackscholes, UNPAUSE
1622153888.347168, ferret, UNPAUSE
1622153888.6471274, blackscholes, PAUSE
1622153888.69926, ferret, PAUSE
1622153888.9947808, blackscholes, UNPAUSE
1622153889.2955482, ferret, UNPAUSE
1622153889.5961974, blackscholes, PAUSE
1622153889.672875, ferret, PAUSE
1622153889.9985476, blackscholes, UNPAUSE
1622153890.3029983, ferret, UNPAUSE
1622153890.6089232, blackscholes, PAUSE
1622153890.65043, ferret, PAUSE
1622153890.9522526, blackscholes, UNPAUSE
1622153891.254348, ferret, UNPAUSE
1622153891.5837963, blackscholes, PAUSE
1622153891.7276304, ferret, PAUSE
1622153892.0307512, blackscholes, UNPAUSE
1622153892.3324575, ferret, UNPAUSE
1622153892.628831, blackscholes, PAUSE
1622153892.7441962, ferret, PAUSE
1622153893.0734146, blackscholes, UNPAUSE
1622153893.3719504, ferret, UNPAUSE
1622153893.6761289, blackscholes, PAUSE
1622153893.7348871, ferret, PAUSE
1622153894.108895, blackscholes, UNPAUSE
1622153894.3990788, ferret, UNPAUSE
1622153894.724035, blackscholes, PAUSE
1622153894.7738876, ferret, PAUSE
1622153895.0747082, blackscholes, UNPAUSE
1622153903.0331755, ferret, UNPAUSE
1622153911.0942092, blackscholes, PAUSE
1622153911.1329467, ferret, PAUSE
1622153911.4431846, blackscholes, UNPAUSE
1622153911.7412436, ferret, UNPAUSE
1622153912.8265886, blackscholes, PAUSE
1622153912.858645, ferret, PAUSE
1622153913.135876, blackscholes, UNPAUSE
1622153913.4303253, ferret, UNPAUSE
1622153913.734993, blackscholes, PAUSE
1622153913.7787704, ferret, PAUSE
1622153914.0662873, blackscholes, UNPAUSE
1622153914.3659203, ferret, UNPAUSE
1622153914.9269779, blackscholes, PAUSE
1622153914.9881022, ferret, PAUSE
1622153915.2745054, blackscholes, UNPAUSE
1622153915.567429, ferret, UNPAUSE
1622153916.1403375, blackscholes, PAUSE
1622153916.1950307, ferret, PAUSE
1622153916.4819236, blackscholes, UNPAUSE
1622153916.7747788, ferret, UNPAUSE
1622153917.0707111, blackscholes, PAUSE
1622153917.1106718, ferret, PAUSE
1622153917.3893209, blackscholes, UNPAUSE
1622153917.6924558, ferret, UNPAUSE
1622153918.0020163, blackscholes, PAUSE
1622153918.045023, ferret, PAUSE
1622153918.3257482, ferret, UNPAUSE
1622153943.6161797, ferret, PAUSE
1622153943.9214633, blackscholes, UNPAUSE
1622153958.7784412, ferret, UNPAUSE
1622153959.0974371, blackscholes, PAUSE
1622153959.134688, ferret, PAUSE
1622153959.4295113, blackscholes, UNPAUSE
1622153959.7222147, ferret, UNPAUSE
1622153960.0252657, blackscholes, PAUSE
1622153960.082201, ferret, PAUSE
1622153960.3750994, blackscholes, UNPAUSE
1622153960.6814508, ferret, UNPAUSE
1622153960.980276, blackscholes, PAUSE
1622153961.072047, ferret, PAUSE
1622153961.3517556, blackscholes, UNPAUSE
1622153961.6380086, ferret, UNPAUSE
1622153961.943942, blackscholes, PAUSE
1622153961.9803302, ferret, PAUSE
1622153962.3450341, blackscholes, UNPAUSE
1622153962.635067, ferret, UNPAUSE
1622153962.9504864, blackscholes, PAUSE
1622153963.0102372, ferret, PAUSE
1622153963.3405695, blackscholes, UNPAUSE
1622153963.6478877, ferret, UNPAUSE
1622153963.9567907, blackscholes, PAUSE
1622153964.0026398, ferret, PAUSE
1622153964.3074617, blackscholes, UNPAUSE
1622153964.599298, ferret, UNPAUSE
1622153964.9179606, blackscholes, PAUSE
1622153964.959932, ferret, PAUSE
1622153965.2490416, blackscholes, UNPAUSE
1622153965.5479875, ferret, UNPAUSE
1622153965.869976, blackscholes, PAUSE
1622153965.9340062, ferret, PAUSE
1622153966.2473886, blackscholes, UNPAUSE
1622153966.5493937, ferret, UNPAUSE
1622153966.8724558, blackscholes, PAUSE
1622153966.9488943, ferret, PAUSE
1622153967.234148, blackscholes, UNPAUSE
1622153967.5344508, ferret, UNPAUSE
1622153967.837089, blackscholes, PAUSE
1622153967.9239273, ferret, PAUSE
1622153968.2057276, blackscholes, UNPAUSE
1622153968.5005891, ferret, UNPAUSE
1622153968.811039, blackscholes, PAUSE
1622153968.9117596, ferret, PAUSE
1622153969.1983423, blackscholes, UNPAUSE
1622153969.491418, ferret, UNPAUSE
1622153969.8073606, blackscholes, PAUSE
1622153969.8797915, ferret, PAUSE
1622153970.1813493, blackscholes, UNPAUSE
1622153970.4815726, ferret, UNPAUSE
1622153970.778358, blackscholes, PAUSE
1622153970.83006, ferret, PAUSE
1622153971.1880836, blackscholes, UNPAUSE
1622153971.4824162, ferret, UNPAUSE
1622153971.774498, blackscholes, PAUSE
1622153971.8204355, ferret, PAUSE
1622153972.102919, blackscholes, UNPAUSE
1622153972.401368, ferret, UNPAUSE
1622153972.7164006, blackscholes, PAUSE
1622153972.806429, ferret, PAUSE
1622153973.0952933, blackscholes, UNPAUSE
1622153973.3985732, ferret, UNPAUSE
1622153973.712127, blackscholes, PAUSE
1622153973.7512314, ferret, PAUSE
1622153974.079297, blackscholes, UNPAUSE
1622153974.3835464, ferret, UNPAUSE
1622153974.7019439, blackscholes, PAUSE
1622153974.8443768, ferret, PAUSE
1622153975.1399462, blackscholes, UNPAUSE
1622153975.443441, ferret, UNPAUSE
1622153975.7440095, blackscholes, PAUSE
1622153975.8026247, ferret, PAUSE
1622153976.0871131, blackscholes, UNPAUSE
1622153976.386861, ferret, UNPAUSE
1622153976.6992714, blackscholes, PAUSE
1622153976.7402222, ferret, PAUSE
1622153977.0356197, blackscholes, UNPAUSE
1622153977.3266273, ferret, UNPAUSE
1622153977.6238902, blackscholes, PAUSE
1622153977.679818, ferret, PAUSE
1622153977.963907, blackscholes, UNPAUSE
1622153978.2510579, ferret, UNPAUSE
1622153978.5819798, blackscholes, PAUSE
1622153978.6324449, ferret, PAUSE
1622153978.9220161, blackscholes, UNPAUSE
1622153979.2236102, ferret, UNPAUSE
1622153979.5359092, blackscholes, PAUSE
1622153979.5881338, ferret, PAUSE
1622153979.8749223, blackscholes, UNPAUSE
1622153980.1779, ferret, UNPAUSE
1622153980.4943511, blackscholes, PAUSE
1622153980.5797179, ferret, PAUSE
1622153980.8739736, blackscholes, UNPAUSE
1622153981.166528, ferret, UNPAUSE
1622153981.4958146, blackscholes, PAUSE
1622153981.5357883, ferret, PAUSE
1622153981.8339896, blackscholes, UNPAUSE
1622153982.1263251, ferret, UNPAUSE
1622153982.463683, blackscholes, PAUSE
1622153982.5198, ferret, PAUSE
1622153982.8021247, blackscholes, UNPAUSE
1622153983.0939045, ferret, UNPAUSE
1622153983.3991754, blackscholes, PAUSE
1622153983.4589882, ferret, PAUSE
1622153983.737807, blackscholes, UNPAUSE
1622153984.0301008, ferret, UNPAUSE
1622153985.1262677, blackscholes, PAUSE
1622153985.1904252, ferret, PAUSE
1622153985.4819326, blackscholes, UNPAUSE
1622153985.7732675, ferret, UNPAUSE
1622153986.0792263, blackscholes, PAUSE
1622153986.1463108, ferret, PAUSE
1622153986.436862, blackscholes, UNPAUSE
1622153986.726795, ferret, UNPAUSE
1622153987.280993, blackscholes, PAUSE
1622153987.331665, ferret, PAUSE
1622153987.6173282, blackscholes, UNPAUSE
1622153987.9049172, ferret, UNPAUSE
1622153988.4698737, blackscholes, PAUSE
1622153988.515369, ferret, PAUSE
1622153988.8023696, blackscholes, UNPAUSE
1622153989.0968223, ferret, UNPAUSE
1622153989.4254496, blackscholes, PAUSE
1622153989.4985647, ferret, PAUSE
1622153989.7820625, blackscholes, UNPAUSE
1622153990.0681953, ferret, UNPAUSE
1622153991.6602774, blackscholes, PAUSE
1622153991.7663593, ferret, PAUSE
1622153992.0434709, blackscholes, UNPAUSE
1622153992.334134, ferret, UNPAUSE
1622153992.6307442, blackscholes, PAUSE
1622153992.6629229, ferret, PAUSE
1622153992.9408824, ferret, UNPAUSE
1622154054.4655383, ferret, PAUSE
1622154054.771435, blackscholes, UNPAUSE
1622154055.0706115, ferret, UNPAUSE
1622154055.3681056, blackscholes, PAUSE
1622154055.4217117, ferret, PAUSE
1622154055.746258, blackscholes, UNPAUSE
1622154056.0316968, ferret, UNPAUSE
1622154056.3282642, blackscholes, PAUSE
1622154056.3955512, ferret, PAUSE
1622154056.706732, blackscholes, UNPAUSE
1622154057.0046992, ferret, UNPAUSE
1622154057.3159366, blackscholes, PAUSE
1622154057.3592544, ferret, PAUSE
1622154057.6468806, blackscholes, UNPAUSE
1622154057.9383836, ferret, UNPAUSE
1622154058.2407107, blackscholes, PAUSE
1622154058.287794, ferret, PAUSE
1622154058.5774622, blackscholes, UNPAUSE
1622154058.8670125, ferret, UNPAUSE
1622154059.1758866, blackscholes, PAUSE
1622154059.2257376, ferret, PAUSE
1622154059.5138779, blackscholes, UNPAUSE
1622154059.8066328, ferret, UNPAUSE
1622154060.1114938, blackscholes, PAUSE
1622154060.1997898, ferret, PAUSE
1622154060.540999, blackscholes, UNPAUSE
1622154060.8428414, ferret, UNPAUSE
1622154061.147936, blackscholes, PAUSE
1622154061.2975647, ferret, PAUSE
1622154061.6021867, blackscholes, UNPAUSE
1622154061.8969817, ferret, UNPAUSE
1622154062.2164216, blackscholes, PAUSE
1622154062.2722738, ferret, PAUSE
1622154062.5595248, blackscholes, UNPAUSE
1622154062.8573034, ferret, UNPAUSE
1622154071.162446, blackscholes, PAUSE
1622154071.2810223, ferret, PAUSE
1622154071.5752215, blackscholes, UNPAUSE
1622154071.859156, ferret, UNPAUSE
1622154072.1603332, blackscholes, PAUSE
1622154072.2012796, ferret, PAUSE
1622154072.4882314, blackscholes, UNPAUSE
1622154072.7691667, ferret, UNPAUSE
1622154073.5920324, blackscholes, PAUSE
1622154073.6173103, ferret, PAUSE
1622154073.9051611, ferret, UNPAUSE
1622154095.3611422, ferret, PAUSE
1622154095.656574, blackscholes, UNPAUSE
1622154126.8956716, ferret, UNPAUSE
1622154127.4649801, blackscholes, PAUSE
1622154127.4997025, ferret, PAUSE
1622154127.7871265, ferret, UNPAUSE
1622154151.0499594, ferret, PAUSE
1622154151.3625932, blackscholes, UNPAUSE
1622154174.9146354, ferret, UNPAUSE
1622154175.467912, blackscholes, PAUSE
1622154175.514157, ferret, PAUSE
1622154175.7918358, ferret, UNPAUSE
1622154194.4707053, ferret, PAUSE
1622154194.8107986, blackscholes, UNPAUSE
1622154195.1201909, ferret, UNPAUSE
1622154195.4473898, blackscholes, PAUSE
1622154195.4967194, ferret, PAUSE
1622154195.7982912, blackscholes, UNPAUSE
1622154196.3491766, ferret, UNPAUSE
1622154196.6416118, blackscholes, PAUSE
1622154196.6872106, ferret, PAUSE
1622154196.9826849, blackscholes, UNPAUSE
1622154197.5377426, ferret, UNPAUSE
1622154197.8702369, blackscholes, PAUSE
1622154197.9369013, ferret, PAUSE
1622154198.2357132, blackscholes, UNPAUSE
1622154198.5350764, ferret, UNPAUSE
1622154198.8635776, blackscholes, PAUSE
1622154198.924246, ferret, PAUSE
1622154199.2915695, blackscholes, UNPAUSE
1622154207.0029392, ferret, UNPAUSE
1622154215.0843134, blackscholes, PAUSE
1622154215.1638, ferret, PAUSE
1622154215.5384398, blackscholes, UNPAUSE
1622154216.86623, ferret, UNPAUSE
1622154217.4204688, blackscholes, PAUSE
1622154217.5288727, ferret, PAUSE
1622154217.8463676, blackscholes, UNPAUSE
1622154218.1459854, ferret, UNPAUSE
1622154218.4491317, blackscholes, PAUSE
1622154218.540524, ferret, PAUSE
1622154218.8592136, blackscholes, UNPAUSE
1622154219.1638944, ferret, UNPAUSE
1622154219.4752924, blackscholes, PAUSE
1622154219.5142868, ferret, PAUSE
1622154219.822007, blackscholes, UNPAUSE
1622154220.3896358, ferret, UNPAUSE
1622154220.6989434, blackscholes, PAUSE
1622154220.7380657, ferret, PAUSE
1622154221.0638134, blackscholes, UNPAUSE
1622154221.37948, ferret, UNPAUSE
1622154221.739175, blackscholes, PAUSE
1622154221.7913935, ferret, PAUSE
1622154222.1588829, blackscholes, UNPAUSE
1622154222.4639337, ferret, UNPAUSE
1622154222.7830725, blackscholes, PAUSE
1622154222.8685772, ferret, PAUSE
1622154223.209351, blackscholes, UNPAUSE
1622154228.6184003, ferret, UNPAUSE
1622154228.9277365, blackscholes, PAUSE
1622154229.0048213, ferret, PAUSE
1622154229.4056475, blackscholes, UNPAUSE
1622154229.7038581, ferret, UNPAUSE
1622154230.008803, blackscholes, PAUSE
1622154230.108637, ferret, PAUSE
1622154230.4163, blackscholes, UNPAUSE
1622154230.721543, ferret, UNPAUSE
1622154231.0364916, blackscholes, PAUSE
1622154231.1196418, ferret, PAUSE
1622154231.415263, blackscholes, UNPAUSE
1622154231.7150497, ferret, UNPAUSE
1622154232.0205176, blackscholes, PAUSE
1622154232.1139476, ferret, PAUSE
1622154232.4015749, blackscholes, UNPAUSE
1622154232.7028549, ferret, UNPAUSE
1622154233.018035, blackscholes, PAUSE
1622154233.170929, ferret, PAUSE
1622154233.4710143, blackscholes, UNPAUSE
1622154233.773988, ferret, UNPAUSE
1622154234.0746758, blackscholes, PAUSE
1622154234.115092, ferret, PAUSE
1622154234.4086185, blackscholes, UNPAUSE
1622154234.710874, ferret, UNPAUSE
1622154235.031024, blackscholes, PAUSE
1622154235.1927807, ferret, PAUSE
1622154235.5321574, blackscholes, UNPAUSE
1622154235.8273525, ferret, UNPAUSE
1622154236.1453543, blackscholes, PAUSE
1622154236.1913455, ferret, PAUSE
1622154236.502393, blackscholes, UNPAUSE
1622154236.8024523, ferret, UNPAUSE
1622154237.1191933, blackscholes, PAUSE
1622154237.197774, ferret, PAUSE
1622154237.4923997, blackscholes, UNPAUSE
1622154237.7966309, ferret, UNPAUSE
1622154238.099381, blackscholes, PAUSE
1622154238.2057774, ferret, PAUSE
1622154238.522779, blackscholes, UNPAUSE
1622154238.822206, ferret, UNPAUSE
1622154239.122795, blackscholes, PAUSE
1622154239.1582365, ferret, PAUSE
1622154239.4370086, ferret, UNPAUSE
1622154258.3395288, blackscholes, UNPAUSE
1622154263.0567558, blackscholes, PAUSE
1622154263.1555111, ferret, PAUSE
1622154263.4380102, blackscholes, UNPAUSE
1622154263.730276, ferret, UNPAUSE
1622154264.0558276, blackscholes, PAUSE
1622154264.1184137, ferret, PAUSE
1622154264.4065259, blackscholes, UNPAUSE
1622154264.688102, ferret, UNPAUSE
1622154265.2524657, blackscholes, PAUSE
1622154265.39255, ferret, PAUSE
1622154265.6757727, blackscholes, UNPAUSE
1622154265.9548619, ferret, UNPAUSE
1622154266.2532628, blackscholes, PAUSE
1622154266.3194754, ferret, PAUSE
1622154266.6145709, blackscholes, UNPAUSE
1622154266.905209, ferret, UNPAUSE
1622154268.9444957, ferret, PAUSE
1622154269.4788446, ferret, UNPAUSE
1622154295.2752917, blackscholes, FINISH
1622154296.1395435, ferret, FINISH
1622154296.264547, memchached, 4
1622154296.3206487, controller, FINISH
